INSERT INTO EXT_CORE.CF_USERDOC_PERSON_ROLE (ROLE) VALUES ('NEW_OWNER');
INSERT INTO EXT_CORE.CF_USERDOC_PERSON_ROLE (ROLE) VALUES ('OLD_OWNER');
INSERT INTO EXT_CORE.CF_USERDOC_PERSON_ROLE (ROLE) VALUES ('PLEDGER');

INSERT INTO EXT_CORE.CF_USERDOC_TYPE_TO_PERSON_ROLE (USERDOC_TYP, ROLE) VALUES ('ВОМ', 'PAYEE');
INSERT INTO EXT_CORE.CF_USERDOC_TYPE_TO_PERSON_ROLE (USERDOC_TYP, ROLE) VALUES ('ВОМ', 'PAYER');
INSERT INTO EXT_CORE.CF_USERDOC_TYPE_TO_PERSON_ROLE (USERDOC_TYP, ROLE) VALUES ('ЕПВПР', 'NEW_OWNER');
INSERT INTO EXT_CORE.CF_USERDOC_TYPE_TO_PERSON_ROLE (USERDOC_TYP, ROLE) VALUES ('ЕПВПР', 'OLD_OWNER');
INSERT INTO EXT_CORE.CF_USERDOC_TYPE_TO_PERSON_ROLE (USERDOC_TYP, ROLE) VALUES ('ЕПЛИЦ', 'GRANTEE');
INSERT INTO EXT_CORE.CF_USERDOC_TYPE_TO_PERSON_ROLE (USERDOC_TYP, ROLE) VALUES ('ЕПЛИЦ', 'GRANTOR');
INSERT INTO EXT_CORE.CF_USERDOC_TYPE_TO_PERSON_ROLE (USERDOC_TYP, ROLE) VALUES ('ЕПНИЛ', 'GRANTEE');
INSERT INTO EXT_CORE.CF_USERDOC_TYPE_TO_PERSON_ROLE (USERDOC_TYP, ROLE) VALUES ('ЕПНИЛ', 'GRANTOR');
INSERT INTO EXT_CORE.CF_USERDOC_TYPE_TO_PERSON_ROLE (USERDOC_TYP, ROLE) VALUES ('ИППЛ', 'GRANTEE');
INSERT INTO EXT_CORE.CF_USERDOC_TYPE_TO_PERSON_ROLE (USERDOC_TYP, ROLE) VALUES ('ИППЛ', 'GRANTOR');
INSERT INTO EXT_CORE.CF_USERDOC_TYPE_TO_PERSON_ROLE (USERDOC_TYP, ROLE) VALUES ('ИЧПЗМ', 'NEW_OWNER');
INSERT INTO EXT_CORE.CF_USERDOC_TYPE_TO_PERSON_ROLE (USERDOC_TYP, ROLE) VALUES ('ИЧПЗМ', 'OLD_OWNER');
INSERT INTO EXT_CORE.CF_USERDOC_TYPE_TO_PERSON_ROLE (USERDOC_TYP, ROLE) VALUES ('ИЧПРМ', 'NEW_OWNER');
INSERT INTO EXT_CORE.CF_USERDOC_TYPE_TO_PERSON_ROLE (USERDOC_TYP, ROLE) VALUES ('ИЧПРМ', 'OLD_OWNER');
INSERT INTO EXT_CORE.CF_USERDOC_TYPE_TO_PERSON_ROLE (USERDOC_TYP, ROLE) VALUES ('Лиц', 'GRANTEE');
INSERT INTO EXT_CORE.CF_USERDOC_TYPE_TO_PERSON_ROLE (USERDOC_TYP, ROLE) VALUES ('Лиц', 'GRANTOR');
INSERT INTO EXT_CORE.CF_USERDOC_TYPE_TO_PERSON_ROLE (USERDOC_TYP, ROLE) VALUES ('НИЛ', 'GRANTEE');
INSERT INTO EXT_CORE.CF_USERDOC_TYPE_TO_PERSON_ROLE (USERDOC_TYP, ROLE) VALUES ('НИЛ', 'GRANTOR');
INSERT INTO EXT_CORE.CF_USERDOC_TYPE_TO_PERSON_ROLE (USERDOC_TYP, ROLE) VALUES ('ОЗ', 'PAYEE');
INSERT INTO EXT_CORE.CF_USERDOC_TYPE_TO_PERSON_ROLE (USERDOC_TYP, ROLE) VALUES ('ОЗ', 'PAYER');
INSERT INTO EXT_CORE.CF_USERDOC_TYPE_TO_PERSON_ROLE (USERDOC_TYP, ROLE) VALUES ('ОЗ', 'PLEDGER');
INSERT INTO EXT_CORE.CF_USERDOC_TYPE_TO_PERSON_ROLE (USERDOC_TYP, ROLE) VALUES ('ППЗ', 'NEW_OWNER');
INSERT INTO EXT_CORE.CF_USERDOC_TYPE_TO_PERSON_ROLE (USERDOC_TYP, ROLE) VALUES ('ППЗ', 'OLD_OWNER');
INSERT INTO EXT_CORE.CF_USERDOC_TYPE_TO_PERSON_ROLE (USERDOC_TYP, ROLE) VALUES ('ППР', 'NEW_OWNER');
INSERT INTO EXT_CORE.CF_USERDOC_TYPE_TO_PERSON_ROLE (USERDOC_TYP, ROLE) VALUES ('ППР', 'OLD_OWNER');

INSERT INTO EXT_CORE.CF_USERDOC_UI_PANEL (PANEL) VALUES ('Bankruptcy');
INSERT INTO EXT_CORE.CF_USERDOC_UI_PANEL (PANEL) VALUES ('Change');
INSERT INTO EXT_CORE.CF_USERDOC_UI_PANEL (PANEL) VALUES ('Licenses');
INSERT INTO EXT_CORE.CF_USERDOC_UI_PANEL (PANEL) VALUES ('Pledge');
INSERT INTO EXT_CORE.CF_USERDOC_UI_PANEL (PANEL) VALUES ('Renewal');
INSERT INTO EXT_CORE.CF_USERDOC_UI_PANEL (PANEL) VALUES ('Security_measure');
INSERT INTO EXT_CORE.CF_USERDOC_UI_PANEL (PANEL) VALUES ('Transfer');
INSERT INTO EXT_CORE.CF_USERDOC_UI_PANEL (PANEL) VALUES ('Withdrawal');

INSERT INTO EXT_CORE.CF_USERDOC_TYPE_TO_UI_PANEL (USERDOC_TYP, PANEL) VALUES ('ВМН', 'Bankruptcy');
INSERT INTO EXT_CORE.CF_USERDOC_TYPE_TO_UI_PANEL (USERDOC_TYP, PANEL) VALUES ('ЕПВПР', 'Change');
INSERT INTO EXT_CORE.CF_USERDOC_TYPE_TO_UI_PANEL (USERDOC_TYP, PANEL) VALUES ('ПИЗ', 'Change');
INSERT INTO EXT_CORE.CF_USERDOC_TYPE_TO_UI_PANEL (USERDOC_TYP, PANEL) VALUES ('ПИР', 'Change');
INSERT INTO EXT_CORE.CF_USERDOC_TYPE_TO_UI_PANEL (USERDOC_TYP, PANEL) VALUES ('ИППЛ', 'Licenses');
INSERT INTO EXT_CORE.CF_USERDOC_TYPE_TO_UI_PANEL (USERDOC_TYP, PANEL) VALUES ('ЕПЛИЦ', 'Licenses');
INSERT INTO EXT_CORE.CF_USERDOC_TYPE_TO_UI_PANEL (USERDOC_TYP, PANEL) VALUES ('ЕПНИЛ', 'Licenses');
INSERT INTO EXT_CORE.CF_USERDOC_TYPE_TO_UI_PANEL (USERDOC_TYP, PANEL) VALUES ('Лиц', 'Licenses');
INSERT INTO EXT_CORE.CF_USERDOC_TYPE_TO_UI_PANEL (USERDOC_TYP, PANEL) VALUES ('НИЛ', 'Licenses');
INSERT INTO EXT_CORE.CF_USERDOC_TYPE_TO_UI_PANEL (USERDOC_TYP, PANEL) VALUES ('ОЗ', 'Pledge');
INSERT INTO EXT_CORE.CF_USERDOC_TYPE_TO_UI_PANEL (USERDOC_TYP, PANEL) VALUES ('ПРМ', 'Renewal');
INSERT INTO EXT_CORE.CF_USERDOC_TYPE_TO_UI_PANEL (USERDOC_TYP, PANEL) VALUES ('ПСД', 'Renewal');
INSERT INTO EXT_CORE.CF_USERDOC_TYPE_TO_UI_PANEL (USERDOC_TYP, PANEL) VALUES ('ИЧПРТМ', 'Renewal');
INSERT INTO EXT_CORE.CF_USERDOC_TYPE_TO_UI_PANEL (USERDOC_TYP, PANEL) VALUES ('ИПСПД', 'Renewal');
INSERT INTO EXT_CORE.CF_USERDOC_TYPE_TO_UI_PANEL (USERDOC_TYP, PANEL) VALUES ('ВОМ', 'Security_measure');
INSERT INTO EXT_CORE.CF_USERDOC_TYPE_TO_UI_PANEL (USERDOC_TYP, PANEL) VALUES ('ЕПВПР', 'Transfer');
INSERT INTO EXT_CORE.CF_USERDOC_TYPE_TO_UI_PANEL (USERDOC_TYP, PANEL) VALUES ('ИЧПЗМ', 'Transfer');
INSERT INTO EXT_CORE.CF_USERDOC_TYPE_TO_UI_PANEL (USERDOC_TYP, PANEL) VALUES ('ИЧПРМ', 'Transfer');
INSERT INTO EXT_CORE.CF_USERDOC_TYPE_TO_UI_PANEL (USERDOC_TYP, PANEL) VALUES ('ППЗ', 'Transfer');
INSERT INTO EXT_CORE.CF_USERDOC_TYPE_TO_UI_PANEL (USERDOC_TYP, PANEL) VALUES ('ППР', 'Transfer');
INSERT INTO EXT_CORE.CF_USERDOC_TYPE_TO_UI_PANEL (USERDOC_TYP, PANEL) VALUES ('ИОЗ', 'Withdrawal');
INSERT INTO EXT_CORE.CF_USERDOC_TYPE_TO_UI_PANEL (USERDOC_TYP, PANEL) VALUES ('ИОП', 'Withdrawal');


